period,spend,actual_days,actual_total,cf_total,cf_lo_sum,cf_hi_sum,lift_abs,lift_pct,z_stat,p_value,stat_sig,outside_95ci,note
50% BAU (Spend Down),"$330,000 total · $110K/wk",21,428054,326281.9888940238,259069.83925008055,391829.1333722733,101772.01110597618,31.191427835457898,13.765950448037882,0.0,YES,True,
150% BAU (Spend Up),"$220,000 total · $220K/wk",9,188652,138646.67371420388,110614.70252429553,167274.1464942042,50005.32628579612,36.06673347885248,10.373931146818755,0.0,YES,True,
